{
  "const": 0.1387612747954929,
  "team_elo": 0.1791990852155487,
  "opp_elo": -0.18989691332808253,
  "is_home": 0.21394364003806401,
  "rho": -0.06028491836084816,
  "time_decay": 0.0019,
  "train_from": "2000-01-01"
}