{
  "const": 0.13876127479549435,
  "team_elo": 0.17919908521554861,
  "opp_elo": -0.1898969133280827,
  "is_home": 0.2139436400380633,
  "rho": -0.060284918363793245,
  "time_decay": 0.0019,
  "train_from": "2000-01-01"
}