{
  "const": 0.13850854115765932,
  "team_elo": 0.17993668025155843,
  "opp_elo": -0.19025912751882498,
  "is_home": 0.2133758316223333,
  "rho": -0.06045497340459836,
  "time_decay": 0.0019,
  "train_from": "2000-01-01"
}