{
  "const": 0.13960927956734795,
  "team_elo": 0.18063846354332344,
  "opp_elo": -0.19028222588817417,
  "is_home": 0.2117989838611194,
  "rho": -0.06030479329703035,
  "time_decay": 0.0019,
  "train_from": "2000-01-01"
}