{
  "const": 0.13741074285054283,
  "team_elo": 0.17919179768549623,
  "opp_elo": -0.19024599912546034,
  "is_home": 0.2157388498062519,
  "rho": -0.057522498053594814,
  "time_decay": 0.0019,
  "train_from": "2000-01-01"
}