{
  "const": 0.13902721770759172,
  "team_elo": 0.18050664904039423,
  "opp_elo": -0.19037871007728135,
  "is_home": 0.21289481394031293,
  "rho": -0.05767613319978507,
  "time_decay": 0.0019,
  "train_from": "2000-01-01"
}