{
  "const": 0.14141644287478272,
  "team_elo": 0.1816988021771411,
  "opp_elo": -0.19038853608376566,
  "is_home": 0.20845361928505596,
  "rho": -0.06463110807808699,
  "time_decay": 0.0019,
  "train_from": "2000-01-01"
}