{
  "const": 0.13801049650007732,
  "team_elo": 0.17968511988879496,
  "opp_elo": -0.19014783431569657,
  "is_home": 0.21431640458082582,
  "rho": -0.05901918011440615,
  "time_decay": 0.0019,
  "train_from": "2000-01-01"
}