{
  "const": 0.13924356107335042,
  "team_elo": 0.18031239790650952,
  "opp_elo": -0.19024312425650777,
  "is_home": 0.21200427432655888,
  "rho": -0.06047354351972933,
  "time_decay": 0.0019,
  "train_from": "2000-01-01"
}