{
  "const": 0.14200310262700652,
  "team_elo": 0.181871474308159,
  "opp_elo": -0.1901440926978729,
  "is_home": 0.2076615381918625,
  "rho": -0.06473454360988337,
  "time_decay": 0.0019,
  "train_from": "2000-01-01"
}