{
  "const": 0.13936000468757095,
  "team_elo": 0.18057674081552075,
  "opp_elo": -0.19044668316534227,
  "is_home": 0.21183115213757508,
  "rho": -0.057675121121097565,
  "time_decay": 0.0019,
  "train_from": "2000-01-01"
}