{
  "const": 0.13876127479549452,
  "team_elo": 0.17919908521554856,
  "opp_elo": -0.1898969133280828,
  "is_home": 0.21394364003806307,
  "rho": -0.060284918365856976,
  "time_decay": 0.0019,
  "train_from": "2000-01-01"
}