{
  "const": 0.138134288183552,
  "team_elo": 0.18022927130970803,
  "opp_elo": -0.19055803018955997,
  "is_home": 0.2132114504295748,
  "rho": -0.05994870479299337,
  "time_decay": 0.0019,
  "train_from": "2000-01-01"
}